id,object_type,slug,seo_title,seo_description,is_pillar_content,focus_keyword,seo_score,robots,advanced_robots,canonical_url,primary_term,schema_data,social_facebook_thumbnail,social_facebook_title,social_facebook_description,social_twitter_thumbnail,social_twitter_title,social_twitter_description,redirect_to,redirect_type
2,post,homepage,Gamma | Good together - Empowering good business,,no,gamma,91,index,,,,,,,,,,,,
3,post,privacy-policy,,,no,,20,index,,,,,,,,,,,,
202,post,gamma-difference,,,no,Gamma difference,55,index,,,,,,,,,,,,
215,post,,,"Gamma Communications brengt mensen samen dankzij toonaangevende communicatie-oplossingen, aansluitend op de wensen van jouw organisatie.",no,Gamma,25,index,,,,,,,,,,,,
239,post,solutions-page,,,no,,25,index,,,,,,,,,,,,
463,post,contact-sales-old,,,no,,13,index,,,,,,,,,,,,
495,post,oplossingen,,Gamma is een specialist in bedrijfscommunicatie en IT-services. Onze zakelijke dienstverlening werkt slimmer en effectiever. Vind hier meer informatie.,no,Business solutions,16,index,,,,,,,,,,,,
498,post,,,"Gamma Communications brengt mensen samen dankzij toonaangevende communicatie-oplossingen, aansluitend op de wensen van jouw organisatie.",no,Gamma,5,index,,,,,,,,,,,,
544,post,producten,,"Gamma Communicatoins, d� specialist op het gebied van interne en exterene communicatie. Een breed scala aan oplossingen.",no,elements,70,index,,,,,,,,,,,,
709,post,return-on-relationships-wp,,,no,,12,index,,,,,,,,,,,,
725,post,thank-you-page,,,no,,20,"noindex,nosnippet,noarchive",,,,,,,,,,,,
771,post,,,"Gamma Communications brengt mensen samen dankzij toonaangevende communicatie-oplossingen, aansluitend op de wensen van jouw organisatie.",no,Gamma,12,index,,,,,,,,,,,,
858,post,good-together,,,no,Good together,73,index,,,,,,,,,,,,
953,post,support,,Gamma Communications Support afdeling. Alle meest voorkomende vragen omtrent bedrijfscommunicatieoplossingen. We helpen je graag!,no,,24,index,,,,,,,,,,,,
969,post,,,"Gamma Communications brengt mensen samen dankzij toonaangevende communicatie-oplossingen, aansluitend op de wensen van jouw organisatie.",no,Gamma,6,index,,,,,,,,,,,,
998,post,nuisance-and-scam-calls,,,no,,22,index,,,,,,,,,,,,
1046,post,modules,,,no,,22,"index,nofollow",,,,,,,,,,,,
1157,post,resources,,,no,,7,index,,,,,,,,,,,,
2029,post,landing-page-demo,,,no,,18,,,,,,,,,,,,,
3833,post,esg-pb,,,no,,9,,,,,,,,,,,,,
3849,post,policies,,,no,,4,,,,,,,,,,,,,
4110,post,find-a-partner,,Vind een van onze partners! Wij werken uitsluitend en nauw samen vanuit een uitgebreid netwerk met onze persoonlijke aanpak.,no,,10,,,,,,,,,,,,,
4184,post,partner-programme-benefits-demo,,,no,,13,,,,,,,,,,,,,
5858,post,,,"Gamma Communications brengt mensen samen dankzij toonaangevende communicatie-oplossingen, aansluitend op de wensen van jouw organisatie.",no,Gamma,6,index,,,,,,,,,,,,
10532,post,network-coverage,,,no,,8,index,,,,,,,,,,,,
11559,post,case-study-request-form-v2,,,no,,8,,,,,,,,,,,,,
13006,post,careers-draft,,,no,,23,,,,,,,,,,,,,
15472,post,value-of-voice,,,no,,8,,,,,,,,,,,,,
15624,post,,,"Gamma Communications brengt mensen samen dankzij toonaangevende communicatie-oplossingen, aansluitend op de wensen van jouw organisatie.",no,Gamma,9,,,,,,,,,,,,,
15842,post,,,"Gamma Communications brengt mensen samen dankzij toonaangevende communicatie-oplossingen, aansluitend op de wensen van jouw organisatie.",no,Gamma,7,,,,,,,,,,,,,
15994,post,test-2,,,no,,11,,,,,,,,,,,,,
16439,post,gf-test-18-06,,,no,,8,,,,,,,,,,,,,
17575,post,gamma-maakt-positieve-resultaten-bekend-over-2020,Gamma komt met positieve resultaten over 2020!,De resultaten van 2020 zijn binnen. Gamma kan met vol trots mededelen dat er een gestage groei is die voorlopig niet zal stagneren.,no,,30,,,,,,,,,,,,,
17577,post,benoeming-van-ceo-en-cfo-bij-gamma-communications-benelux,Ontmoet de nieuwe CEO en CFO van Gamma Communications,"Gamma Communications Benelux heeft een nieuwe directie. Succesvolle aanbieder in ICT-oplossingen in VK, Nederland en Spanje.",no,,30,,,,,,,,,,,,,
17578,post,gntel-en-dean-one-gaan-samen-verder-als-gamma-communications-nl,Gntel & Deanone gaan verder als Gamma Communications!,"GnTel en Dean One, onmiskenbaar binnen de MKB-bedrijfscommunicatie. Vanaf 6 september bekend als: Gamma Communications Nederland.",no,,30,,,,,,,,,,,,,
17579,post,gamma-communications-lanceert-operator-connect-voor-microsoft-teams-voor-nederlandse-partners-en-mkb-klanten,,,no,,30,,,,,,,,,,,,,
17580,post,gamma-maakt-positieve-resultaten-over-2021-bekend,,,no,,30,,,,,,,,,,,,,
17581,post,t-mobile-en-gamma-communications,,,no,,90,,,,,,,,,,,,,
17583,post,microsoft-teams-operator-connect,,Haal het maximale uit Microsoft Teams met Gamma en voeg eenvoudig en snel de spraakmogelijkheden van Operator Connect toe. Klik hier voor meer details.,no,unified communications,60,,,,,,,,,,,,,
17584,post,rick-van-schaik-start-als-cco-bij-gamma-communications-benelux,,,no,,30,,,,,,,,,,,,,
17585,post,copaco-breidt-portfolio-uit-met-operator-connect-van-gamma-communications,,,no,,90,,,,,,,,,,,,,
17586,post,gamma-communications-kiest-voor-roger365-io-voor-optimaal-klantcontact-in-teams,,,no,,60,,,,,,,,,,,,,
17587,post,gamma-kondigt-positieve-resultaten-aan-over-2022,,,no,,30,,,,,,,,,,,,,
17588,post,gamma-communications-maakt-microsoft-teams-operator-connect-nu-ook-beschikbaar-in-belgie,,,no,,90,,,,,,,,,,,,,
17589,post,gamma-kondigt-gerben-wijbenga-aan-als-ceo-van-centraal-en-noord-europa-uitbreiding-van-zijn-rol-met-focus-op-groeikansen,,,no,,60,,,,,,,,,,,,,
17590,post,gamma-behaalt-opnieuw-haar-iso27001-certificering,,,no,,90,,,,,,,,,,,,,
17591,post,rendement-op-relaties-deze-maatstaf-biedt-kansen-voor-bedrijven-om-in-2024-hun-focus-op-te-leggen,,,no,,60,,,,,,,,,,,,,
17592,post,samenwerking-slbdiensten-en-gamma-communications,,,no,,60,,,,,,,,,,,,,
17994,post,,,"Gamma Communications brengt mensen samen dankzij toonaangevende communicatie-oplossingen, aansluitend op de wensen van jouw organisatie.",no,Gamma,3,,,,,,,,,,,,,
18365,post,partner-worden-draft,Partner worden van Gamma? Bekijk hier onze mogelijkheden!,Op zoek naar nieuwe partners voor jouw onderneming? Wij werken uitsluitend en nauw met je samen vanuit een uitgebreid netwerk.,no,Partner Worden,72,,,,,,,,,,,,,
1504,post,partners,,Volg onze trainingen om effectiever te kunnen samen werken! Gamma brengt mensen samen. Werk slim en effectief!,no,partner,76,index,,,,,,,,,,,,
1506,post,find-a-gamma-partner,,,no,,22,index,,,,,,,,,,,,
1510,post,channel-partner-programme,,,no,Partner programme,74,index,,,,,,,,,,,,
1554,post,faqs,,,no,,15,index,,,,,,,,,,,,
1556,post,escalation-paths,,,no,,13,index,,,,,,,,,,,,
1558,post,customer-service,,,no,,9,index,,,,,,,,,,,,
1560,post,partner-faqs,,,no,,8,index,,,,,,,,,,,,
1564,post,service-status,,,no,,8,index,,,,,,,,,,,,
1566,post,mobile-handset-data-settings,,,no,,8,index,,,,,,,,,,,,
1570,post,terms-conditions-for-domain-name-registrations,,,no,,,index,,,,,,,,,,,,
1594,post,partner-training-and-accreditation,,,no,,12,index,,,,,,,,,,,,
1924,post,user-support-and-training,,,no,,18,,,,,,,,,,,,,
2012,post,horizon,,Wordt slimmer en effectiever met Cloud telefonie van Horizon. Gamma biedt ICT-oplossingen voor alle bedrijven.,no,business phone system,19,,,,,,,,,,,,,
2016,post,sip-trunking,,,no,,20,,,,,,,,,,,,,
2020,post,inbound,,,no,,20,,,,,,,,,,,,,
2024,post,mobile,,,no,,14,,,,,,,,,,,,,
2334,post,inbound,Report Inbound Call %sep% Nuisance and Scam Calls %sep% %sitename%,,no,,9,noindex,,,,,,,,,,,,
2336,post,outbound,Report Outbound Call %sep% Nuisance and Scam Calls %sep% %sitename%,,no,,9,noindex,,,,,,,,,,,,
2448,post,complaints,,,no,,12,,,,,,,,,,,,,
3012,post,investors,,,no,Gamma Investor Relations,26,,,,,,,,,,,,,
3017,post,results-presentations,,,no,,13,,,,,,,,,,,,,
3019,post,historic-financial-performance,,,no,,7,,,,,,,,,,,,,
3021,post,regulatory-news,,,no,Regulatory news,57,,,,,,,,,,,,,
3024,post,share-price-tools,,,no,,10,,,,,,,,,,,,,
3026,post,aim-rule-26,,,no,,15,,,,,,,,,,,,,
3028,post,investor-relations,,,no,,10,,,,,,,,,,,,,
3300,post,connectivity,,,no,,12,,,,,,,,,,,,,
3303,post,partner-support-and-training,,,no,,13,,,,,,,,,,,,,
3587,post,cloud-communications-and-service-providers,,,no,service provider,62,,,,,,,,,,,,,
3830,post,bedrijf,Get to know Gamma - Leading UCaaS Provider,,no,,27,,,,,,,,,,,,,
3835,post,our-approach,,,no,,24,,,,,,,,,,,,,
3837,post,environment,,,no,,19,,,,,,,,,,,,,
3839,post,disclosures,,,no,,17,,,,,,,,,,,,,
3841,post,governance,,,no,,12,,,,,,,,,,,,,
3844,post,social-value,,,no,,13,,,,,,,,,,,,,
3851,post,accreditations,,,no,,19,,,,,,,,,,,,,
3889,post,esg,,,no,ESG,78,,,,,,,,,,,,,
3980,post,corporate-governance,,,no,,11,,,,,,,,,,,,,
3982,post,committees,,,no,,13,,,,,,,,,,,,,
3986,post,qca-code-statement,,,no,,11,,,,,,,,,,,,,
3991,post,executive-committee,,,no,,7,,,,,,,,,,,,,
3993,post,the-board,,,no,,7,,,,,,,,,,,,,
4044,post,de,,,no,,4,,,,,,,,,,,,https://gammagroup.co/nl2/de/gute-zusammenarbeit/,301
4107,post,evenementen,,Evenementen van Gamma Communications. Wij werken uitsluitend en nauw samen met een uitgebreid netwerk tijdens onze events.,no,Gamma Communications Events,7,,,,,,,,,,,,,
4248,post,alternative-networks,,,no,alternative networks,68,,,,,,,,,,,,,
4250,post,become-an-mvno,Become an MVNO with a network built for business | Gamma,,no,"MVNO,become an mvno",70,,,,,,,,,,,,,
4255,post,nl,,,no,,4,,,,,,,,,,,,https://gammagroup.co/nl2/nl/good-together/,301
4258,post,es,,,no,,4,,,,,,,,,,,,https://gammagroup.co/nl2/es/good-together/,301
4260,post,gute-zusammenarbeit,,,no,Good together,26,index,,,,,,,,,,,,
4912,post,email-alerts,Investor Email Alerts %sep% %sitename%,,no,,9,,,,,,,,,,,,,
4160,post,careers,,,no,,23,,,,,,,,,,,,,
4262,post,good-together,,,no,Good together,76,index,,,,,,,,,,,,
4264,post,good-together,,,no,Good together,74,index,,,,,,,,,,,,
5083,post,positiver-effekt-von-geschaftsbeziehungen,,,no,,17,index,,,,,,,,,,,,
5097,post,rentabilidad-de-las-relaciones,,,no,,21,index,,,,,,,,,,,,
5111,post,rendement-op-relaties,,,no,,21,index,,,,,,,,,,,,
5134,post,tax-strategy,,,no,,7,,,,,,,,,,,,,
5136,post,modern-slavery-statement,,,no,,11,,,,,,,,,,,,,
5395,post,group-policies,,,no,,11,,,,,,,,,,,,,
5649,post,the-gamma-group,,,no,,15,,,,,,,,,,,,,
5749,post,awards-and-accreditations,,,no,,15,,,,,,,,,,,,,
5770,post,der-gamma-unterschied,,,no,Der Gamma-Unterschied,50,index,,,,,,,,,,,,
5780,post,la-diferencia-gamma,,,no,La diferencia Gamma,63,index,,,,,,,,,,,,
5787,post,het-gamma-verschil,,,no,Het Gamma-verschil,63,index,,,,,,,,,,,,
5877,post,cookie-policy,,,no,,12,,,,,,,,,,,,,
5882,post,legal,,,no,,11,,,,,,,,,,,,,
5921,post,codes-of-practice,,,no,,9,,,,,,,,,,,,,
5977,post,sitemap,,De sitemap van Gamma Communications. Een toonaangevende aanbieder van communicatie oplossingen aansluitend op jouw wensen.,no,,7,,,,,,,,,,,,,
5986,post,gender-pay-gap,,,no,,12,,,,,,,,,,,,,
6135,post,thank-you,,,no,,18,,,,,,,,,,,,,
6182,post,become-a-partner,,,no,,14,index,,,,,,,,,,,,
6185,post,thank-you,,,no,,18,"noindex,noarchive,nosnippet",,,,,,,,,,,,
6307,post,return-on-relationships-danke,,,no,,20,"noindex,noarchive,nosnippet",,,,,,,,,,,,
6434,post,return-on-relationships-dank,,,no,,19,index,,,,,,,,,,,,
6438,post,return-on-relationships-gracias,,,no,,19,"noindex,noarchive,nosnippet",,,,,,,,,,,,
6505,post,portals,,Digitale tools die jouw ondernemeing ondersteunen. Gamma brengt mensen samen met oplossingen aansluitend op jouw wensen!,no,Portals,68,,,,,,,,,,,,,
8452,post,artikelen-en-blog,,,no,,7,index,,,,,,,,,,,,
8455,post,nieuws,,Het nieuws over Gamma Communications. Een toonaangevende aanbieder van communicatie oplossingen aansluitend op jouw wensen.,no,unified communications,7,index,,,,,,,,,,,,
8458,post,klantcases,,,no,,7,index,,,,,,,,,,,,
8461,post,long-form,,,no,,7,index,,,,,,,,,,,,
8464,post,podcast-video,,,no,,7,index,,,,,,,,,,,,
9635,post,case-study-request-form,,,no,,7,,,,,,,,,,,,,
10539,post,advocacy-programme,,,no,advocacy,70,,,,,,,,,,,,,
10705,post,tsa-cop-security-requirements,,,no,,9,,,,,,,,,,,,,
10954,post,gravity-gtm-test,,,no,,7,"noindex,noarchive",,,,,,,,,,,,
11161,post,microsoft-teams-phone-decision-tool,,,no,microsoft teams,74,,,,,,,,,,,,,
11711,post,accelerate-hub,,,no,,24,index,,,,,,,,,,,,
11785,post,case-study-request,,,no,,9,"noindex,noarchive",,,,,,,,,,,,
11952,post,partner-journey-wheel,,,no,,12,index,,,,,,,,,,,,
12268,post,pstn-switch-off-readiness-audit,,,no,PSTN Switch-Off,68,index,,,,,,,,,,,,
13416,post,supporting-you-with-the-digital-switch-on,,,no,,14,,,,,,,,,,,,,
13892,post,pstn-switch-off-resources,,,no,,22,,,,,,,,,,,,,
14519,post,gx-summit-2024-request-a-consultation,,,no,GX Summit 2024 - Request a consultation,50,index,,,,,,,,,,,,
14783,post,the-future-of-customer-contact,,,no,Webinar The Future of Customer Contact,50,"noindex,nofollow,noimageindex,nosnippet,noarchive",,,,,,,,,,,,
14828,post,kiosk,,,no,,6,"noindex,noarchive,nosnippet",,,,,,,,,,,,
14923,post,ccc-case-studies,,,no,Get to know the brands that trust Gamma,27,index,,,,,,,,,,,,
14993,post,horizon-app,,,no,,12,,,,,,,,,,,,,
14996,post,mypabx-app,,,no,,12,,,,,,,,,,,,,
15002,post,phoneline-plus-app,,,no,,10,,,,,,,,,,,,,
15542,post,mdf,,,no,,7,"noindex,noarchive,nosnippet",,,,,,,,,,,https://gammagroup.co/nl2/partner-solutions/mdf/claim-mdf/,302
15483,post,aws,,,no,Amazon Web Services,17,,,,,,,,,,,,,
15546,post,claim-mdf,,,no,,13,noindex,,,,,,,,,,,,
15548,post,marketing-development-fund-results-form,,,no,,3,noindex,,,,,,,,,,,,
15634,post,contact,,In contact komen met ons? Dat kan! .Alle informatie over Gamma Communications is hier te vinden! .Gamma brengt mensen samen!,no,,23,index,,,,,,,,,,,,
15737,post,best-business-voip-systems,Top 5 VoIP Systems for Business | Read our VoIP Buyers Guide,,no,"voip,business phone system,voip phone",85,,,,,,,,,,,,,
15797,post,on-demand,,,no,,8,index,,,,,,,,,,,,
15836,post,phone-system-pricing,Get personalised phone system pricing in minutes | Gamma ,,no,phone system pricing,63,,,,,,,,,,,,,
15853,post,ppc-gtm-test,,,no,,12,"noindex,noarchive,nosnippet,nofollow,noimageindex",,,,,,,,,,,,
16000,post,thank-you,,,no,,18,"noindex,noarchive,nosnippet",,,,,,,,,,,,
16033,post,partnerships-to-empower,,,no,,10,,,,,,,,,,,,,
16035,post,cyber-maturity-assessment-part-1,,,no,,15,"noindex,noarchive,nofollow,noimageindex,nosnippet",,,,,,,,,,,,
16283,post,cyber-maturity-assessment-part-3,,,no,,15,"noindex,noarchive,nofollow,noimageindex,nosnippet",,,,,,,,,,,,
16284,post,cyber-maturity-assessment-part-2,,,no,,15,"noindex,noarchive,nofollow,noimageindex,nosnippet",,,,,,,,,,,,
17346,post,slimmer-samenwerken-doe-je-zo,Slimmer leren samenwerken? Lees onze blog met stappenplan,Hoe kan jij slimmer samenwerken? Gamma Communications heeft voor jou de oplossing! In 5 stappen leggen wij het aan je uit.,no,,3,,,,,,,,,,,,,
17347,post,wat-is-5g-en-hoe-werkt-het,,,no,,60,,,,,,,,,,,,,
17348,post,voordelen-integreren-crm-oplossing,,,no,,90,,,,,,,,,,,,,
17349,post,alles-op-een-plek,,,no,,8,,,,,,,,,,,,,
17350,post,customer-experience-cx,,,no,,6,,,,,,,,,,,,,
17351,post,hybride-werken,,,no,,60,,,,,,,,,,,,,
17352,post,5g,,,no,,30,,,,,,,,,,,,,
17356,post,koper-verdwijnt-wat-nu,,,no,,1,,,,,,,,,,,,,
17357,post,als-corona-het-netwerk-heeft-verzwakt,,,no,,1,,,,,,,,,,,,,
17361,post,handige-tips-voor-videoconferenties,,,no,,90,,,,,,,,,,,,,
17362,post,itchannelpro-zomercolumn,,,no,,60,,,,,,,,,,,,,
17363,post,de-toekomst-van-sustainability,,,no,,60,,,,,,,,,,,,,
17365,post,een-startgids-voor-hosted-telefonie,Hosted telefonie: alles wat je moet weten | Gamma,Hoe werkt hosted telefonie? Wat maakt het anders dan traditionele oplossingen? En kan het jouw bedrijf ten goede komen? Lees onze complete gids voor hosted telefonie.,no,,60,,,,,,,,,,,,,
17366,post,een-startersgids-voor-sip-trunks,SIP Trunks: alles wat je wilt weten | Gamma,Ontdek de betekenis en voordelen van SIP trunking. Bespaar op uw communicatiekosten en verbeter de efficiëntie van uw bedrijf. Lees meer!,no,,10,,,,,,,,,,,,,
17367,post,5-functies-om-jouw-cx-te-verbeteren,5 functies om jouw CX te verbeteren | Gamma,Laat jouw klanten niet langer wachten met deze vijf belangrijke functies om jouw CX te verbeteren,no,,60,,,,,,,,,,,,,
17368,post,microsoft-teams-telefonie-de-functies-voordelen,,De functies en voordelen van Microsoft Teams,no,De functies en voordelen van Microsoft Teams,60,,,,,,,,,,,,,
17370,post,optimaal-gebruik-van-teams-in-onderwijs,,"Ontdek hoe u Microsoft Teams optimaal kunt gebruiken in het onderwijs. Verbeter de communicatie, samenwerking en leerervaring. Lees nu verder",no,Microsoft Teams voor het onderwijs,90,,,,,,,,,,,,,
17371,post,bellen-via-teams,,Ontdek hoe u via Microsoft Teams kunt bellen en bespaar op uw communicatiekosten. Verbeter uw workflow en productiviteit. Lees nu verder.,no,,90,,,,,,,,,,,,,
17372,post,hoe-werkt-microsoft-teams,,"Ontdek hoe Microsoft Teams werkt en hoe u het kunt gebruiken om uw team samen te laten werken, communiceren en organiseren. Lees nu verder.",no,,90,,,,,,,,,,,,,
17374,post,direct-routing-vs-operator-connect,Direct Routing vs. Operator Connect %%sep%% %%sitename%%,Ontdek de verschillen tussen Direct Routing en Operator Connect en kies de beste optie voor jouw bedrijf. Lees meer op onze pagina.,no,,90,,,,,,,,,,,,,
17607,post,academy,,De one-license fits all propositie voor MKB cloud telefonie met alle noodzakelijke functionaliteit aan boord. Meld je hier aan.,no,,7,,,,,,,,,,,,,
17734,post,nieuws-en-inspiratie,,Discover the latest Gamma and industry developments.,no,,7,index,,,,,,,,,,,,
17886,post,partner-worden,Partner worden van Gamma? Bekijk hier onze mogelijkheden!,Op zoek naar nieuwe partners voor jouw onderneming? Wij werken uitsluitend en nauw met je samen vanuit een uitgebreid netwerk.,no,Partner Worden,72,,,,,,,,,,,,,
17898,post,partner-nieuws,,Als Gamma-partner altijd op de hoogte blijven van de laatste ontwikkelingen van ontwikkelingen binnen Gamma? Meld je dan hier aan.,no,,14,,,,,,,,,,,,,
17904,post,gamma-onderhoudsmeldingen,,,no,,7,,,,,,,,,,,,,
17907,post,storing,,,no,,8,,,,,,,,,,,,,
17910,post,vind-een-partner,,Op zoek naar een van onze partners? Onze gekwalificeerde partners bieden de beste ICT-oplossingen voor ieder segment.,no,,11,,,,,,,,,,,,,
17913,post,knowledge-base,,Alle informatie over ons service aanbod. .E�n service die jouw bedrijf en mensen centraal stelt. Gamma brengt mensen samen!,no,,13,,,,,,,,,,,,,
17916,post,portals,,Digitale tools die jouw ondernemeing ondersteunen. Gamma brengt mensen samen met oplossingen aansluitend op jouw wensen!,no,,13,,,,,,,,,,,,,
17921,post,privacy-beleid,,,no,,12,,,,,,,,,,,,,
17924,post,cookiebeleid,,Het Cookiebeleid van Gamma Communications. De aanbieder van bedrijfscommunicatie oplossingen aansluitend op jouw wensen.,no,,17,,,,,,,,,,,,,
17944,post,fair-use-policy,,De Fair Ue Policy van Gamma Communications. De toonaangevende aanbieden van bedrijfscommunicatie aansluitend op jouw wensen.,no,,12,,,,,,,,,,,,,
17949,post,bedankt-training,,,no,,7,,,,,,,,,,,,,
17952,post,bedankt-evenementen,,,no,,7,,,,,,,,,,,,,
17993,post,changelog,,,no,,7,,,,,,,,,,,,,
18138,post,crm-integratie__trashed,,,no,,7,,,,,,,,,,,,,
18150,post,solutions,,,no,,8,,,,,,,,,,,,,
17369,post,handige-tips-voor-videoconferenties-2,,,no,,90,,,,,,,,,,,,,
17375,post,wat-zijn-de-voordelen-van-microsoft-teams-contact-center,Voordelen van Microsoft Teams Contact Center %%sep%% %%sitename%%,,no,,9,,,,,,,,,,,,,
17376,post,waarom-glasvezelinternet-essentieel-is-voor-bedrijven,Waarom glasvezel internet essentieel is voor bedrijven %%sep%% %%sitename%%,Glasvezel is al lang niet nieuw meer. Maar waarom glasvezel internet essentieel is voor bedrijven lees je in deze blog! Lees direct verder.,no,,11,,,,,,,,,,,,,
17377,post,hoe-maak-je-jouw-microsoft-teams-contact-center-toekomstbestendig,,"Klanttevredenheid dankzij MS Teams Contact Center | Gamma Dankzij naadloze integratie met verschillende communicatieplatforms, maak je je MS Teams Contact Center toekomstbestendig. Vind hier meer informatie.",no,Microsoft Teams Contact Center,62,,,,,,,,,,,,,
17378,post,sip-vs-voip,,Wat is SIP en VoIP? Vind hier alles over de betekenis van SIP en VoIP en kom erachter welke oplossing het beste past bij jouw organisatie. Lees hier verder.,no,SIP vs VoIP | De betekenis van SIP en VoIP uitgelegd | Gamma,20,,,,,,,,,,,,,
17379,post,waarom-glasvezel-voor-en-nadelen,,Je hoort er bijna dagelijks over: internet via glasvezel. Waarom zou je eigenlijk overstappen op Glasvezel Internet?,no,,90,,,,,,,,,,,,,
17380,post,wat-is-glasvezel-de-volledige-gids,,Wist je dat glasvezel een techniek is die al bestaat sinds de jaren 60? Sindsdien is het gelukkig wel sterk verbeterd.,no,,90,,,,,,,,,,,,,
17381,post,wat-is-microsoft-teams-en-hoe-werkt-het,,Microsoft Teams is een van de meest geavanceerde applicaties voor samenwerken en sluit feilloos aan bij het platform van Microsoft 365. In dit artikel leggen we uit hoe het werkt en wat je ermee kunt doen.,no,,60,,,,,,,,,,,,,
17382,post,glasvezel-vs-kabelinternet-wat-is-beter,,,no,,90,,,,,,,,,,,,,
17383,post,hoe-werkt-een-vergadering-in-microsoft-teams,,Hoe werkt een Microsoft Teams vergadering? Volg deze stappen en start direct. En wist je dat je Teams uit kunt breiden met allerlei extra handige functies?,no,,90,,,,,,,,,,,,,
17384,post,hoe-glasvezel-de-beveiliging-van-bedrijfsnetwerken-verbetert,,,no,,90,,,,,,,,,,,,,
17385,post,wat-is-glasvezel-internet,"Glasvezel Internet: Snel, Betrouwbaar en Toekomstgericht","Ontdek de top 5 voordelen van glasvezel internet: ongeëvenaarde snelheid, stabiliteit, symmetrische up-/downloadsnelheden, toekomstbestendigheid en beschikbaarheid.",no,glasvezel internet,64,,,,,,,,,,,,,
17386,post,hoe-wordt-glasvezel-aangelegd,Glasvezel Installatie: 6 Stappen naar Sneller Internet,Op zoek naar een betrouwbare en snelle internetverbinding? In slechts 6 stappen wordt glasvezel aangelegd en heb je de beschikking over razendsnel internet!,no,Glasvezel Installatie: 6 Stappen naar Sneller Internet,90,,,,,,,,,,,,,
17387,post,de-voordelen-van-glasvezel-voor-bedrijven,Voordelen Van Glasvezel Voor Bedrijven: Verbeter Je Zakelijke Efficiëntie,"Ontdek de voordelen van glasvezel voor bedrijven. Verhoog efficiëntie, zorg voor een betrouwbare verbinding en bereid je voor op toekomstige groei. Ontdek nu!",no,Voordelen Van Glasvezel Voor Bedrijven: Verbeter Je Zakelijke Efficiëntie,90,,,,,,,,,,,,,
17388,post,glasvezelaansluiting,,"Overweeg je een glasvezelaansluiting? Ontdek hier het uitgebreide, stapsgewijze proces, van aanvraag tot activering. Lees nu meer en wees voorbereid!",no,GlasvezelStap Voor Stap: Van Aanvraag Tot Activering,90,,,,,,,,,,,,,
17389,post,de-voordelen-van-ms-teams-voor-virtuele-teams,,"Ontdek de grote voordelen van Microsoft Teams voor virtuele samenwerking. Real-time communicatie, veilige bestanden delen en flexibele integraties.",no,Samenwerken op Afstand: De Voordelen van MS Teams voor Virtuele Teams,11,,,,,,,,,,,,,
17390,post,het-toekomstpotentieel-van-glasvezel,,"Ontdek het potentieel van glasvezel. Hogesnelheidsconnectiviteit, ondersteuning voor innovaties en duurzaamheid. Lees hier meer over de toekomst van glasvezel.",no,Het toekomstpotentieel van glasvezel: waarom investeren in deze technologie?,90,,,,,,,,,,,,,
17391,post,glasvezel-en-cyberveiligheid,,"Glasvezel biedt razendsnel internet, maar met groeiende cyberaanvallen is goede cyberbeveiliging van de glasvezelverbinding essentieel. Lees verder!",no,Glasvezel en cyberveiligheid: het belang van een veilige verbinding,90,,,,,,,,,,,,,
17392,post,privacy-in-microsoft-teams,,"Ontdek hoe Microsoft Teams privacy waarborgt tijdens hybride werken. Beveiligingsmaatregelen, AVG-richtlijnen en tips voor veilige communicatie binnen Teams.",no,Het belang van beveiliging en privacy in MS Teams gebruik,10,,,,,,,,,,,,,
17393,post,overstappen-van-skype-lync-naar-microsoft-teams-telefonie,,"Ontdek waarom overstappen van Skype/Lync naar Microsoft Teams de beste keuze is voor moderne, efficiënte bedrijfstelefonie en samenwerking.",no,Overstap van Skype naar Teams: Efficiëntie in Telefonie,60,,,,,,,,,,,,,
17394,post,hoe-maak-je-jouw-microsoft-teams-contact-center-toekomstbestendig-2__trashed,Hoe maak je jouw Microsoft Teams Contact Center toekomstbestendig?,Ontdek hoe je jouw Microsoft Teams Contact Center kunt optimaliseren voor de toekomst. Leer strategieën en tips voor een efficiënte klantenservice.,no,Microsoft Teams Contact Center,57,,,,,,,,,,,,,
17395,post,6-tips-hoe-je-whatsapp-voor-bedrijven-kunt-gebruiken-om-de-klanttevredenheid-te-verhogen-en-daarmee-de-bedrijfsprocessen-te-optimaliseren,WhatsApp for Business kunt gebruiken,Leer hoe u met 6 praktische tips WhatsApp for Business kunt gebruiken om de klanttevredenheid te verbeteren en uw bedrijfsprocessen te stroomlijnen.,no,WhatsApp for Business,55,,,,,,,,,,,,,
17396,post,kijk-buiten-het-geijkte-stramien-vier-inzichten-om-je-klantcommunicatie-te-transformeren,Kijk buiten het geijkte stramien – vier inzichten om je klantcommunicatie te transformeren,Transformeer uw klantcommunicatie met vier unieke inzichten. Leer buiten de gebaande paden te denken en verbeter de relatie met uw klanten.,no,klantcommunicatie te transformeren,61,,,,,,,,,,,,,
17397,post,de-inside-out-relatie,De inside-out relatie,Ontdek de inside-out relatie: een unieke benadering van verbinding en communicatie. Leer hoe je diepere relaties kunt opbouwen en onderhouden,no,De inside-out relatie,63,,,,,,,,,,,,,
17398,post,hoe-communicatietechnologie-de-manier-waarop-we-werken-menselijker-kan-maken,Hoe communicatietechnologie de manier waarop we werken menselijker kan maken,Ontdek hoe communicatietechnologie de werkplek menselijker maakt. Verken innovatieve oplossingen die samenwerking en verbinding bevorderen in uw organisatie.,no,communicatietechnologie,66,,,,,,,,,,,,,
17399,post,teams-telefoon-de-innovatie-voor-moderne-bedrijven,Teams Telefoon: de innovatie voor moderne bedrijven,Teams Telefoon biedt moderne bedrijven een innovatieve communicatietool. Verbeter samenwerking en productiviteit met onze gebruiksvriendelijke oplossingen.,no,Teams Telefoon,59,,,,,,,,,,,,,
17400,post,hoe-microsoft-teams-phone-de-klantenservice-kan-verbeteren,Hoe Microsoft Teams phone de klantenservice kan verbeteren,Verbeter uw klantenservice met Microsoft Teams Phone. Leer hoe deze tool de communicatie stroomlijnt en de klantbeleving naar een hoger niveau tilt.,no,Microsoft Teams,64,,,,,,,,,,,,,
17401,post,duurzaamheid-nog-steeds-een-hot-topic-in-2024,Duurzaamheid: nog steeds een hot topic in 2024,Ontdek de nieuwste trends en inzichten over duurzaamheid in 2024. Blijf op de hoogte van belangrijke ontwikkelingen en leer hoe u een positieve impact kunt maken.,no,Duurzaamheid,60,,,,,,,,,,,,,
17404,post,iot-esim-en-mobiele-technologie-geintegreerde-innovaties,"IoT, eSim en mobiele technologie: geïntegreerde innovaties","Verken de wereld van IoT, eSim en mobiele technologie. Ontdek geïntegreerde innovaties die de toekomst van connectiviteit en efficiëntie vormgeven.",no,"geïntegreerde innovaties,eSim en mobiele technologie",51,,,,,,,,,,,,,
